ACC1000,INTRO TO FIN ACCTG
ACC3500,INTERMED ACCT I
ACC4520,AUDITING
LAW1000,BUSINESS LAW
LAW3601,PUBLIC INTL LAW
LAW3662,CON LAW: FED SYST
LAW3675,INNOVATION LAW
SME2001,MANAGERIAL ACCT
TAX3500,TAXES
AHS1000,AHS FOUNDATION
ARB2200,INTRO TO ARABIC
ARB4640,ARABIC CINEMA CULTUR
ART1175,PAINTING WATERCOLOR
CHN2200,CHINESE I
CVA2001,ETHICS
CVA2001,ETHICS
CVA2003,BABSON TO NEW DELHI
CVA2007,INTRO TO PHILOSOPHY
CVA2057,IMAGNG SUSTAINABILIT
ENG4604,WRITING POETRY
ENG4605,WRITING FICTION
ENV4610,ART AND ECOLOGY
FLM4610,AMERICAN MOVIES
FRN4620,FRENCH III
FRN4640,FRENCH CINEMA CULT
HUM4616,FROM FRENCH REVOLUTI
JPN2200,JAPANESE I
LIT4620,LIT AND PHL MADNESS
LIT4682,HUMAN RIGHTS
LVA2004,"LOVE, SEX AND FAMILY"
LVA2006,RUSSIA IN MODERNITY
LVA2010,AFRICAN AMERICAN LIT
LVA2030,PLACE AND LANDSCAPE
LVA2031,BUS AND AMER DRAMA
LVA2069,UTOPIA AND DYSTOPIA
LVA2072,DETECTIVE FICTION
LVA2075,DESIGN FOR LIVING
PHL4601,ANCIENT GREEK PHL
PHO1100,PHOTOGRAPHY
RHT1000,RHETORIC I
RHT1001,RHETORIC II
RHT1001,RHETORIC II
SPN2200,SPANISH I
SPN4620,SPANISH III
ECN2000,PRIN OF MACRO
ECN3615,"MONEY,BNK & ECON"
ECN3630,IND ORG PUBL POL
ECN3645,BUS&ECN PLCY DEV CNT
ECN3650,CONTEMP ECON SYS
ECN3655,MANAGERIAL ECON
ECN3662,POL ECON LATIN AM
ECN3663,ECON OF EDUCATION
ECN3667,STRATEGIC GAME THEOR
ECN3675,ENVIRON ECN-POL&ANLY
SME2031,PRINCIPLES OF MICRO
EPS3501,EPS AND OPPORTUNITY
EPS3503,NEW TECH VENTURES
EPS3505,GREAT EPS WEALTH
EPS3508,EPS NEW VENT CHINA
EPS3514,BE THE CHANGE
EPS3518,CROWDFUNDING
EPS3532,INTERNATIONAL EPS
EPS3540,RAISING MONEY
EPS4510,ENTREPRENEURIAL FIN
EPS4515,AFFORDABLE DESIGN EP
EPS4525,LIVING SOC EPS EXP
EPS4530,LIVING THE EPS EXPER
FIN2520,PERSONAL FINANCE
FIN3515,CORP FIN MGMNT
FIN3520,SECURITY VALUATION
FIN3555,REAL ESTATE INV
FIN3560,FINANCL MKTS&INSTRUM
FIN3565,REAL ESTATE DEVELOPM
FIN4505,FIN TRADING STRATEGI
FIN4510,CORP FIN MODELING
FIN4520,BABSON COLLEGE FND I
FIN4530,INVESTMENTS
FIN4560,OPTIONS & FUTURES
FIN4570,GLOBAL FIN MGMT
SME2021,PRIN OF FINANCE
CVA2011,INTRO WESTERN CULTUR
CVA2026,"IMMIGRANTS,RACE,AM P"
HIS4601,CULTURE & IDENTITY
HIS4612,DRUGS AND INTOXICANT
HSS2003,LATIN AMERICAN HIST
HSS2006,SOUTH ASIAN HISTORY
HSS2013,CHINA TODAY
HSS2019,FOOD & ELECTION CMPG
HSS2020,MEDIA STUDIES
HSS2028,GLOBAL POLITICS
HSS2030,AMERICAN POLITICS
POL4630,CRITICAL RACE STUDIE
ASM3300,STRAT PROBLEM SOLVIN
FME1000,FOUNDS MGMT & EPS
SME2041,SME INTEGRATION
SUS1201,INTRO TO SUSTAINABIL
MOB1000,FOUND OF EPS MGMT
MOB1010,ORGANIZ BEHAVIOR
MOB3511,BUSINESS PRESENTATIO
MOB3515,HUMAN RESRCE MGT
MOB3521,BUSINESS WRITING
MOB3546,CONT ISSUES IN CHILE
MOB3560,GLOBAL STRATEGIC MGT
MOB3580,NEGOTIATIONS
MOB3582,GLOBAL MGT COMM
MOB3583,BUS ENVIRON IN RUSSI
MOB4510,STRAT DEC MAKING
MOB4572,MGMT CONSULTING
MKT3500,MKT COMMUNICATNS
MKT3510,MARKET RESEARCH
MKT3525,MARKETING LAW
MKT3540,RETAILING MANAGEMENT
MKT3550,CONSUMER BEHAVIOR
MKT3575,SPORTS MARKETING
MKT4505,MARKETING MGMT
MKT4506,MARKETING ANALYTICS
SME2011,PRIN OF MARKETING
NST1010,ASTRONOMY
NST1020,ENERGY AND ENVIRONME
NST1030,ELECTRONICS
NST1040,HUMAN BIOTECHNOLOGY
NST2020,STUDIES IN ECO MGMT
NST2030,CASE STUD BIO SCI
NST2040,SUSTAINABLE FOOD SYS
QTM1000,QM BUS ANALYTICS I
QTM1010,QM FOR BUS ANLYTC II
QTM2000,CASE STDY IN BUS ANA
QTM2601,APP OF DISCRETE MATH
QTM3610,APLD MULTVARTE STATS
QTM3625,FINANCIAL SIMULATION
SCN3635,PERSONAL NUTRITION
SCN3640,SCN AND INNOVATION
FYS1001,FIRST YEAR SEMINAR
IMH2312,HONORS SEMINAR II
LIB3603,ENCOUNTERS WITH BRIC
WRT1000,INTS RHT WRITING TUT
DES3600,DESIGN & SYS THINKIN
MIS2645,MODELING WITH EXCEL
MIS3545,BUS INTEL DATA ANALY
MIS3555,"PLATFORMS,CLOUDS,NET"
MIS3640,PROB SOLV/SOFTWARE
MIS3645,AGILE METHODOLOGY
MIS3690,WEB TECHNOLOGIES
MOB3503,OPERATIONS FOR EPS
MOB3522,LEADING AND MGT SUST
MOB3573,SUPPLY CHAIN MGMT
MOB3578,INT PRODUCT DESIGN
SME2002,OPERATIONS MGMT
SME2012,MANG INFO TECH SYS
